Month,date,day,hours,Month,,payforaverage,payaftertax,base,longroster,nonstop,paymonth,payperiod,Formulahours,,, Long Roster,nonstop,v  prumeru,AVE,BaseExp,Premium OT,Premium NS,before tax,total ,,usdtomnt,,,,,,,,
Jan,1/1/2025,1,0,,,,,,,,,,,,,,,,,,,,,,,3573,,,,,,,,
,1/2/2025,2,0,,,,,,,,,,,,,,,,,,,,,,,,,,,,factors to aver,,,
,1/3/2025,3,0,,,,,,,,,,,,,,,,,,,,,,,,Night Sh,OT ,,,base ,,,
,1/4/2025,4,0,,,,,,,,,,,,,,,,,,,,,,,,(ave*1.3-BASE)*hrs,(ave*1.6)*hrs,,,long roster,,,
,1/5/2025,5,0,,,,,,,,,,,,,,,,,,,,,,,,1.2,1.6,,,heviin bus,,,
,1/6/2025,6,0,,,,,,,,,,,,,,,,,,,,,,,,,,,,zasvar uilchelgeenii zogsoltgui uil ajillgaaanii,,,
,1/7/2025,7,0,,,,,,,,,,,,,,,,,,,,,,,,,,,,zogsoltgui uil ajillagaa,,,
,1/8/2025,8,0,,,,,,,,,,,,,,,,,,,,,,,,,,,,annuall leave,,,
,1/9/2025,9,0,,,306657,,,,,Jan,1,0,,,,,,,,,,,,,,,,,,,,,
,1/10/2025,10,0,Jan,0,,,,,,,,,,,,,,,,,,,,,,,,,,,,,
,1/11/2025,11,0,,,,,,,,,,,,,,,,,,,,,,,,,,,,MZDA,1546,3555,5496030
,1/12/2025,12,0,,,,,,,,,,,,,,,,,,,,,,,,,,,,per hr,9.202380952,,32714
,1/13/2025,13,0,,,,,,,,,,,,,,,,,,,,,,,,,,,,,,,
,1/14/2025,14,0,,,,,,,,,,,,,,,,,,,,,,,,,,,,,,,
,1/15/2025,15,0,,,,,,,,,,,,,,,,,,,,,,,,,,,,,,,2748015
,1/16/2025,16,0,,,,,,,,,,,,,,,,,,,,,,,,,,,,,,,
,1/17/2025,17,0,,,,,,,,,,,,,,,,,,,,,,,,,,,,,,,
,1/18/2025,18,0,,,,,,,,,,,,,,,,,,,,,,,,,Annual Leave calculation,,,last 6 mths,,,
,1/19/2025,19,0,,,,,,,,,,,,,,,,,,,,,,,,,,,,58149545,,,
,1/20/2025,20,0,,,,,,,,,,,,,,,,,,,,,,,,,,,,830707.7788,,,
,1/21/2025,21,0,,,,,,,,,,,,,,,,,,,,,,,,,,,,8307077.788,,,
,1/22/2025,22,0,,,,,,,,,,,,,,,,,,,,,,,,,,,,,,,
,1/23/2025,23,12,,,,,,,,,,,,,,,,,,,,,,,,,,,,,,,
,1/24/2025,24,12,,,2685926,,2824000,,,,2,24,,,,,2685926,,,,,,,,,,,,,,,,
,1/25/2025,25,12,,24,,,,,,,,,,,,,,,,,,,,,,,,,,,,,
,1/26/2025,26,12,,,,,,,,,,,,,,,,,,,,,,,,,,,,,,,
,1/27/2025,27,12,,,,,,,,,,,,,,,,,,,,,,,,,,,,,,,
,1/28/2025,28,12,,,,,,,,,,,,,,,,,,,,,,,,,,,,,,,
,1/29/2025,29,12,,,,,,,,,,,,,,,,,,,,,,,,,,,,,,,
,1/30/2025,30,12,,,,,,,,,,,,,,,,,,,,,,,,,,,,,,,
,1/31/2025,31,12,,,,,,,,,,,,,,,,,,,,,,,,,,,,,,,
Feb,2/1/2025,1,12,,,,,,,,,,,,,,,,,,,,,,,,,,,,,,,
,2/2/2025,2,12,,,,,,,,,,,,,,,,,,,,,,,,,,,,,,,
,2/3/2025,3,12,,,,,,,,,,,,,,,,,,,,,,,,,,,,,,,
,2/4/2025,4,12,,,,,,,,,,,,,,,,,,,,,,,,,,,,,,,
,2/5/2025,5,12,,,,,,,,,,,,,,,,,,,,,,,,,,,,,,,
,2/6/2025,6,0,,,,,,,,,,,,,,,,,,,,,,,,,,,,,,,
,2/7/2025,7,0,,,,,,,,,,,,,,,,,,,,,,,,,,,,,,,
,2/8/2025,8,0,,,,,,,,,,,,,,,,,,,,,,,,,,,,,,,
,2/9/2025,9,0,,,2690701,5501564,2305367,299698,85636,Feb,1,144,,,299698,85636,2690701,,,,,,,,,,,,,,,,
,2/10/2025,10,0,Feb,144,,,,,,,,,,,,,,,,,,,,,,,,,,,,,
,2/11/2025,11,0,,,,,,,,,,,,,,,,,,,,,,,,,,,,,,,
,2/12/2025,12,0,,,,,,,,,,,,,,,,,,,,,,,,,,,,,,,
,2/13/2025,13,0,,,,,,,,,,,,,,,,,,,,,,,,,,,,,,,
,2/14/2025,14,0,,,,,,,,,,,,,,,,,,,,,,,,,,,,,,,
,2/15/2025,15,0,,,,,,,,,,,,,,,,,,,,,,,,,,,,,,,
,2/16/2025,16,0,,,,,,,,,,,,,,,,,,,,,,,,,,,,,,,
,2/17/2025,17,0,,,,,,,,,,,,,,,,,,,,,,,,,,,,,,,
,2/18/2025,18,0,,,,,,,,,,,,,,,,,,,,,,,,,,,,,,,
,2/19/2025,19,0,,,,,,,,,,,,,,,,,,,,,,,,,,,,,,,
,2/20/2025,20,11,,,,,,,,,,,,,,,,,,,,,,,,,,,,,,,
,2/21/2025,21,11,,,,,,,,,,,,,,,,,,,,,,,,,,,,,,,
,2/22/2025,22,11,,,,,,,,,,,,,,,,,,,,,,,,,,,,,,,
,2/23/2025,23,11,,,,,,,,,,,,,,,,,,,,,,,,,,,,,,,
,2/24/2025,24,11,,,2701692,1958156,2840577,2314784,,,2,55,,,300922,85986,2701692,,,,,,,,,,,,,,,,
,2/25/2025,25,11,,24,,,,,,,,,,,,,,bodoh ave,,,,,,,,,,,,,,,
,2/26/2025,26,11,,,,,,,,,,,,,,,,,,,,,,,,,,,,,,,
,2/27/2025,27,11,,,,,,,,,,,,,,,,,,,,,,,,,,,,,,,
,2/28/2025,28,11,,,,,,,,,,,,,,,,,,,,,,,,,,,,,,,
Mar,3/1/2025,1,11,,,,,,,,,,,,,,,,,,,,,,,,,,,,,,,
,3/2/2025,2,11,,,,,,,,,,,,,,,,,,,,,,,,,,,,,,,
,3/3/2025,3,11,,,,,,,,,,,,,,,,,,,,,,,,,,,,,,,
,3/4/2025,4,11,,,,,,,,,,,,,,,,,,,,,,,,,,,,,,,
,3/5/2025,5,11,,,,,,,,,,,,,,,,,,,,,,,,,,,,,,,
,3/6/2025,6,0,,,,,,,,,,,,,,,,,,,,,,,,,,,,,,,
,3/7/2025,7,0,,,,,,,,,,,,,,,,,,,,,,,,,,,,,,,
,3/8/2025,8,0,,,,,,,,,,,,,,,,,,,,,,,,,,,,,,,
,3/9/2025,9,0,,,2930448,6643578,8329481,2564132,,Mar,1,99,63,96,333337,86365,2983834,,,,,,,,,,,,,,,,
,3/10/2025,10,0,Mar,99,,,,,,,,,,,,,,,,,,,,,,,,,,,,,
,3/11/2025,11,0,,,,,,,,,,,,,,,,,,,,,,,,,,,,,,,
,3/12/2025,12,0,,,,,,,,,,,,,,,,,,,,,,,,,,,,,,,
,3/13/2025,13,0,,,,,,,,,,,,,,,,,,,,,,,,,,,,,,,
,3/14/2025,14,0,,,,,,,,,,,,,,,,,,,,,,,,,,,,,,,
,3/15/2025,15,0,,,,,,,,,,,,,,,,,,,,,,,,,,,,,,,
,3/16/2025,16,0,,,,,,,,,,,,,,,,,,,,,,,,,,,,,,,
,3/17/2025,17,0,,,,,,,,,,,,,,,,,,,,,,,,,,,,,,,
,3/18/2025,18,0,,,,,,,,,,,,,,,,,,,,,,,,,,,,,,,
,3/19/2025,19,0,,,,,,,,,,,,,,,,,,,,,,,,,,,,,,,
,3/20/2025,20,12,,,,,,,,,,,,,,,,,,,,,,,,,,,,,,,
,3/21/2025,21,12,,,,,,,,,,,,,,,,,,,,,,,,,,,,,,,
,3/22/2025,22,12,,,,,,,,,,,,,,,,,,,,,,,,,,,,,,,
,3/23/2025,23,12,,,,,,,,,,,,,,,,,,,,,,,,,,,,,,,
,3/24/2025,24,12,,,3110231,8701570,8701570,2675834,,,2,60,,,347858,86539,3110231,,,382,,,,,,,,,,,,,
,3/25/2025,25,12,,60,,,,,,,,,,,,,,,,,,,,,,,,,,,,,
,3/26/2025,26,12,,,,,,,,,,,,,,,,,,,,,,,,,,,,,,,
,3/27/2025,27,12,,,,,,,,,,,,,,,,,,,,,,,,,,,,,,,
,3/28/2025,28,12,,,,,,,,,,,,,,,,,,,,,,,,,,,,,,,
,3/29/2025,29,12,,,,,,,,,,,,,,,,,,,,,,,,,,,,,,,
,3/30/2025,30,12,,,,,,,,,,,,,,,,,,,,,,,,,,,,,,,
,3/31/2025,31,12,,,,,,,,,,,,,,,,,,,,,,,,,,,,,,,
Apr,4/1/2025,1,12,,,,,,,,,,,,,,,,,,,,,,,,,,,,,,,
,4/2/2025,2,12,,,,,,,,,,,,,,,,,,,,,,,,,,,,,,,
,4/3/2025,3,0,,,,,,,,,,,,,,,,,,,,,,,,,,,,,,,
,4/4/2025,4,0,,,,,,,,,,,,,,,,,,,,,,,,,,,,,,,
,4/5/2025,5,0,,,,,,,,,,,,,,,,,,,,,,,,,,,,,,,
,4/6/2025,6,0,,,,,,,,,,,,,,,,,,,,,,,,,,,,,,,
,4/7/2025,7,0,,,,,,,,,,,,,,,,,,,,,,,,,,,,,,,
,4/8/2025,8,0,,,3117513,5771743,5771743,2634855,,Apr,1,108,47,40,342531,86741,3064127,38885,,,,,,,,,,,,,,,
,4/9/2025,9,0,Apr,108,,,,,,,,,,,,,,,,,,,,,,,,,,,,,
,4/10/2025,10,0,,,,,,,,,,,,,,,,,,,,,,,,,,,,,,,
,4/11/2025,11,0,,,,,,,,,,,,,,,,,,,,,,,,,,,,,,,
,4/12/2025,12,0,,,,,,,,,,,,,,,,,,,,,,,,,,,,,,,
,4/13/2025,13,0,,,,,,,,,,,,,,,,,,,,,,,,,,,,,,,
,4/14/2025,14,0,,,,,,,,,,,,,,,,,,,,,,,,,,,,,,,
,4/15/2025,15,0,,,,,,,,,,,,,,,,,,,,,,,,,,,,,,,
,4/16/2025,16,0,,,,,,,,,,,,,,,,,,,,,,,,,,,,,,,
,4/17/2025,17,11,,,,,,,,,,,,,,,,,,,,,,,,,,,,,,,
,4/18/2025,18,11,,,,,,,,,,,,,,,,,,,,,,,,,,,,,,,
,4/19/2025,19,11,,,,,,,,,,,,,,,,,,,,,,,,,,,,,,,
,4/20/2025,20,11,,,,,,,,,,,,,,,,,,,,,,,,,,,,,,,
,4/21/2025,21,11,,,,,,,,,,,,,,,,,,,,,,,,,,,,,,,
,4/22/2025,22,11,,,,,,,,,,,,,,,,,,,,,,,,,,,,,,,
,4/23/2025,23,11,,,,,,,,,,,,,,,,,,,,,,,,,,,,,,,
,4/24/2025,24,11,,,3110231,,2575481,2694669,,,2,88,,,350307,87149,3132125,,,,,,,,,,,,,,,,
,4/25/2025,25,11,,,,,,,,,,,,,,,,,,,,,,,,,,,,,,,
,4/26/2025,26,11,,,,,,,,,,,,,,,,,,,,,,,,,,,,,,,
,4/27/2025,27,11,,,,,,,,,,,,,,,,,,,,,,,,,,,,,,,
,4/28/2025,28,11,,,,,,,,,,,,,,,,,,,,,,,,,,,,,,,
,4/29/2025,29,11,,,,,,,,,,,,,,,,,,,,,,,,,,,,,,,
,4/30/2025,30,11,,,,,,,,,,,,,,,,,,,,,,,,,,,,,,,
May,5/1/2025,1,0,,,,,,,,,,,,,,,,,,,,,,,,,,,,,,,
,5/2/2025,2,0,,,,,,,,,,,,,,,,,,,,,,,,,,,,,,,
,5/3/2025,3,0,,,,,,,,,,,,,,,,,,,,,,,,,,,,,,,
,5/4/2025,4,0,,,,,,,,,,,,,,,,,,,,,,,,,,,,,,,
,5/5/2025,5,0,,,,,,,,,,,,,,,,,,,,,,,,,,,,,,,
,5/6/2025,6,0,,,,,,,,,,,,,,,,,,,,,,,,,,,,,,,
,5/7/2025,7,0,,,,,,,,,,,,,,,,,,,,,,,,,,,,,,,
,5/8/2025,8,0,,,,,,,,,,,,,,,,,,,,,,,,,,,,,,,
,5/9/2025,9,0,,,3110231,,6427601,2724342,,May,1,66,60,72,354164,88108,3166614,"37,552","3,132,125","3,605,022","1,159,455","7,896,602","6,317,281",,,,,,,,,,
,5/10/2025,10,0,May,,,,,,,,,,,,,,,,,,,,,,,,,,,,,,
,5/11/2025,11,0,,,,,,,,,,,,,,,,,,,,,,,,,,,,,,,
,5/12/2025,12,0,,,,,,,,,,,,,,,,,,,,,,,,,,,,,,,
,5/13/2025,13,0,,,,,,,,,,,,,,,,,,,,,,,,,,,,,,,
,5/14/2025,14,0,,,,,,,,,,,,,,,,,,,,,,,,,,,,,,,
,5/15/2025,15,12,,,,,,,,,,,,,,,,,,,,,,,,,,,,,,,
,5/16/2025,16,12,,,,,,,,,,,,,,,,,,,,,,,,,,,,,,,
,5/17/2025,17,12,,,,,,,,,,,,,,,,,,,,,,,,,,,,,,,
,5/18/2025,18,12,,,,,,,,,,,,,,,,,,,,,,,,,,,,,,,
,5/19/2025,19,12,,,,,,,,,,,,,,,,,,,,,,,,,,,,,,,
,5/20/2025,20,12,,,,,,,,,,,,,,,,,,,,,,,,,,,,,,,
,5/21/2025,21,12,,,,,,,,,,,,,,,,,,,,,,,,,,,,,,,
,5/22/2025,22,12,,,,,,,,,,,,,,,,,,,,,,,,,,,,,,,
,5/23/2025,23,12,,,,,,,,,,,,,,,,,,,,,,,,,,,,,,,
,5/24/2025,24,12,,,3110231,,,2694669,,,2,120,,,350307,87149,3132125,,,,,,,,,,,,,,,,
,5/25/2025,25,12,,,,,,,,,,,,,,,,,,,,,,,,,,,,,,,
,5/26/2025,26,12,,,,,,,,,,,,,,,,,,,,,,,,,,,,,,,
,5/27/2025,27,12,,,,,,,,,,,,,,,,,,,,,,,,,,,,,,,
,5/28/2025,28,12,,,,,,,,,,,,,,,,,,,,,,,,,,,,,,,
,5/29/2025,29,0,,,,,,,,,,,,,,,,,,,,,,,,,,,,,,,
,5/30/2025,30,0,,,,,,,,,,,,,,,,,,,,,,,,,,,,,,,
,5/31/2025,31,0,,,,,,,,,,,,,,,,,,,,,,,,,,,,,,,
Jun,6/1/2025,1,0,,,,,,,,,,,,,,,,,,,,,,,,,,,,,,,
,6/2/2025,2,0,,,,,,,,,,,,,,,,,,,,,,,,,,,,,,,
,6/3/2025,3,0,,,,,,,,,,,,,,,,,,,,,,,,,,,,,,,
,6/4/2025,4,0,,,,,,,,,,,,,,,,,,,,,,,,,,,,,,,
,6/5/2025,5,0,,,,,,,,,,,,,,,,,,,,,,,,,,,,,,,
,6/6/2025,6,0,,,,,,,,,,,,,,,,,,,,,,,,,,,,,,,
,6/7/2025,7,0,,,,,,,,,,,,,,,,,,,,,,,,,,,,,,,
,6/8/2025,8,0,,,,,,,,,,,,,,,,,,,,,,,,,,,,,,,
,6/9/2025,9,0,,,3190287,,,2748015,,Jun,1,48,58,80,354164,88108,3190287,"37,984","3,132,125","3,524,908","1,333,171","7,990,203","6,392,163",,,,,,,,,,
,6/10/2025,10,0,Jun,,,,,,,,,,,,,,,,,,,,,,,,,,,,,,
,6/11/2025,11,0,,,,,,,,,,,,,,,,,,,,,,,,,,,,,,,
,6/12/2025,12,11,,,,,,,,,,,,,,,,,,,,,,,,,,,,,,,
,6/13/2025,13,11,,,,,,,,,,,,,,,,,,,,,,,,,,,,,,,
,6/14/2025,14,11,,,,,,,,,,,,,,,,,,,,,,,,,,,,,,,
,6/15/2025,15,11,,,,,,,,,,,,,,,,,,,,,,,,,,,,,,,
,6/16/2025,16,11,,,,,,,,,,,,,,,,,,,,,,,,,,,,,,,
,6/17/2025,17,11,,,,,,,,,,,,,,,,,,,,,,,,,,,,,,,
,6/18/2025,18,11,,,,,,,,,,,,,,,,,,,,,,,,,,,,,,,
,6/19/2025,19,11,,,,,,,,,,,,,,,,,,,,,,,,,,,,,,,
,6/20/2025,20,11,,,,,,,,,,,,,,,,,,,,,,,,,,,,,,,
,6/21/2025,21,11,,,,,,,,,,,,,,,,,,,,,,,,,,,,,,,
,6/22/2025,22,11,,,,,,,,,,,,,,,,,,,,,,,,,,,,,,,
,6/23/2025,23,11,,,,,,,,,,,,,,,,,,,,,,,,,,,,,,,
,6/24/2025,24,11,,,3185471,,,2748015,,,2,143,,,350307,87149,3185471,,,,,,,,,,,,,,,,
,6/25/2025,25,11,,,,,,,,,,,,,,,,,,,,,,,,,,,,,,,
,6/26/2025,26,0,,,,,,,,,,,,,,,,,,,,,,,,,,,,,,,
,6/27/2025,27,0,,,,,,,,,,,,,,,,,,,,,,,,,,,,,,,
,6/28/2025,28,0,,,,,,,,,,,,,,,,,,,,,,,,,,,,,,,
,6/29/2025,29,0,,,,,,,,,,,,,,,,,,,,,,,,,,,,,,,
,6/30/2025,30,0,,,,,,,,,,,,,,,,,,,,,,,,,,,,,,,
Jul,7/1/2025,1,0,,,,,,,,,,,,,,,,,,,,,,,,,,,,,,,
,7/2/2025,2,0,,,,,,,,,,,,,,,,,,,,,,,,,,,,,,,
,7/3/2025,3,0,,,,,,,,,,,,,,,,,,,,,,,,,,,,,,,
,7/4/2025,4,0,,,,,,,,,,,,,,,,,,,,,,,,,,,,,,,
,7/5/2025,5,0,,,,,,,,,,,,,,,,,,,,,,,,,,,,,,,
,7/6/2025,6,0,,,,,,,,,,,,,,,,,,,,,,,,,,,,,,,
,7/7/2025,7,0,,,,,,,,,,,,,,,,,,,,,,,,,,,,,,,
,7/8/2025,8,0,,,,,,,,,,,,,,,,,,,,,,,,,,,,,,,
,7/9/2025,9,0,,,3190287,,,2748015,,Jul,1,11,55,32,354164,88108,3190287,"38,263","3,185,471","3,367,118","544,866","7,097,454","5,677,963",,,,,,,,,,
,7/10/2025,10,12,Jul,,,,,,,,,,,,,,,,,,,,,,,,,,,,,,
,7/11/2025,11,12,,,,,,,,,,,,,,,,,,,,,,,,,,,,,,,
,7/12/2025,12,12,,,,,,,,,,,,,,,,,,,,,,,,,,,,,,,
,7/13/2025,13,12,,,,,,,,,,,,,,,,,,,,,,,,,,,,,,,
,7/14/2025,14,12,,,,,,,,,,,,,,,,,,,,,,,,,,,,,,,
,7/15/2025,15,12,,,,,,,,,,,,,,,,,,,,,,,,,,,,,,,
,7/16/2025,16,12,,,,,,,,,,,,,,,,,,,,,,,,,,,,,,,
,7/17/2025,17,12,,,,,,,,,,,,,,,,,,,,,,,,,,,,,,,
,7/18/2025,18,12,,,,,,,,,,,,,,,,,,,,,,,,,,,,,,,
,7/19/2025,19,12,,,,,,,,,,,,,,,,,,,,,,,,,,,,,,,
,7/20/2025,20,12,,,,,,,,,,,,,,,,,,,,,,,,,,,,,,,
,7/21/2025,21,12,,,,,,,,,,,,,,,,,,,,,,,,,,,,,,,
,7/22/2025,22,12,,,,,,,,,,,,,,,,,,,,,,,,,,,,,,,
,7/23/2025,23,12,,,,,,,,,,,,,,,,,,,,,,,,,,,,,,,
,7/24/2025,24,0,,,3185471,,,2748015,,,2,168,,,350307,87149,3185471,,,,,,,,,,,,,,,,
,7/25/2025,25,0,,,,,,,,,,,,,,,,,,,,,,,,,,,,,,,
,7/26/2025,26,0,,,,,,,,,,,,,,,,,,,,,,,,,,,,,,,
,7/27/2025,27,0,,,,,,,,,,,,,,,,,,,,,,,,,,,,,,,
,7/28/2025,28,0,,,,,,,,,,,,,,,,,,,,,,,,,,,,,,,
,7/29/2025,29,0,,,,,,,,,,,,,,,,,,,,,,,,,,,,,,,
,7/30/2025,30,0,,,,,,,,,,,,,,,,,,,,,,,,,,,,,,,
,7/31/2025,31,0,,,,,,,,,,,,,,,,,,,,,,,,,,,,,,,
Aug,8/1/2025,1,0,,,,,,,,,,,,,,,,,,,,,,,,,,,,,,,
,8/2/2025,2,0,,,,,,,,,,,,,,,,,,,,,,,,,,,,,,,
,8/3/2025,3,0,,,,,,,,,,,,,,,,,,,,,,,,,,,,,,,
,8/4/2025,4,0,,,,,,,,,,,,,,,,,,,,,,,,,,,,,,,
,8/5/2025,5,0,,,,,,,,,,,,,,,,,,,,,,,,,,,,,,,
,8/6/2025,6,0,,,,,,,,,,,,,,,,,,,,,,,,,,,,,,,
,8/7/2025,7,11,,,,,,,,,,,,,,,,,,,,,,,,,,,,,,,
,8/8/2025,8,11,,,,,,,,,,,,,,,,,,,,,,,,,,,,,,,
,8/9/2025,9,11,,,3190287,,,2748015,,Aug,1,33,59,112,354164,88108,3190287,"39,699","3,185,471","3,747,588","2,116,159","9,049,218","7,239,374",,,,,,,,,,
,8/10/2025,10,11,Aug,,,,,,,,,,,,,,,,,,,,,,,,,,,,,,
,8/11/2025,11,11,,,,,,,,,,,,,,,,,,,,,,,,,,,,,,,
,8/12/2025,12,11,,,,,,,,,,,,,,,,,,,,,,,,,,,,,,,
,8/13/2025,13,11,,,,,,,,,,,,,,,,,,,,,,,,,,,,,,,
,8/14/2025,14,11,,,,,,,,,,,,,,,,,,,,,,,,,,,,,,,
,8/15/2025,15,11,,,,,,,,,,,,,,,,,,,,,,,,,,,,,,,
,8/16/2025,16,11,,,,,,,,,,,,,,,,,,,,,,,,,,,,,,,
,8/17/2025,17,11,,,,,,,,,,,,,,,,,,,,,,,,,,,,,,,
,8/18/2025,18,11,,,,,,,,,,,,,,,,,,,,,,,,,,,,,,,
,8/19/2025,19,11,,,,,,,,,,,,,,,,,,,,,,,,,,,,,,,
,8/20/2025,20,11,,,,,,,,,,,,,,,,,,,,,,,,,,,,,,,
,8/21/2025,21,0,,,,,,,,,,,,,,,,,,,,,,,,,,,,,,,
,8/22/2025,22,0,,,,,,,,,,,,,,,,,,,,,,,,,,,,,,,
,8/23/2025,23,0,,,,,,,,,,,,,,,,,,,,,,,,,,,,,,,
,8/24/2025,24,0,,,2748015,,,2748015,,,2,121,,,0,0,2748015,,,,,,,,,,,,,,,,
,8/25/2025,25,0,,,,,,,,,,,,,,,,,,,,,,,,,,,,,,,
,8/26/2025,26,0,,,,,,,,,,,,,,,,,,,,,,,,,,,,,,,
,8/27/2025,27,0,,,,,,,,,,,,,,,,,,,,,,,,,,,,,,,
,8/28/2025,28,0,,,,,,,,,,,,,,,,,,,,,,,,,,,,,,,
,8/29/2025,29,0,,,,,,,,,,,,,,,,,,,,,,,,,,,,,,,
,8/30/2025,30,0,,,,,,,,,,,,,,,,,,,,,,,,,,,,,,,
,8/31/2025,31,0,,,,,,,,,,,,,,,,,,,,,,,,,,,,,,,
Sep,9/1/2025,1,0,,,,,,,,,,,,,,,,,,,,,,,,,,,,,,,
,9/2/2025,2,0,,,,,,,,,,,,,,,,,,,,,,,,,,,,,,,
,9/3/2025,3,0,,,,,,,,,,,,,,,,,,,,,,,,,,,,,,,
,9/4/2025,4,12,,,,,,,,,,,,,,,,,,,,,,,,,,,,,,,
,9/5/2025,5,12,,,,,,,,,,,,,,,,,,,,,,,,,,,,,,,
,9/6/2025,6,12,,,,,,,,,,,,,,,,,,,,,,,,,,,,,,,
,9/7/2025,7,12,,,,,,,,,,,,,,,,,,,,,,,,,,,,,,,
,9/8/2025,8,12,,,,,,,,,,,,,,,,,,,,,,,,,,,,,,,
,9/9/2025,9,12,,,3190287,,,2748015,,Sep,1,72,42,0,354164,88108,3190287,"36,428","2,748,015","2,447,986",0,"5,196,001","4,156,801",,,,,,,,,,
,9/10/2025,10,12,Sep,,,,,,,,,,,,,,,,,,,,,,,,,,,,,,
,9/11/2025,11,12,,,,,,,,,,,,,,,,,,,,,,,,,,,,,,,
,9/12/2025,12,12,,,,,,,,,,,,,,,,,,,,,,,,,,,,,,,
,9/13/2025,13,12,,,,,,,,,,,,,,,,,,,,,,,,,,,,,,,
,9/14/2025,14,12,,,,,,,,,,,,,,,,,,,,,,,,,,,,,,,
,9/15/2025,15,12,,,,,,,,,,,,,,,,,,,,,,,,,,,,,,,
,9/16/2025,16,12,,,,,,,,,,,,,,,,,,,,,,,,,,,,,,,
,9/17/2025,17,12,,,,,,,,,,,,,,,,,,,,,,,,,,,,,,,
,9/18/2025,18,0,,,,,,,,,,,,,,,,,,,,,,,,,,,,,,,
,9/19/2025,19,0,,,,,,,,,,,,,,,,,,,,,,,,,,,,,,,
,9/20/2025,20,0,,,,,,,,,,,,,,,,,,,,,,,,,,,,,,,
,9/21/2025,21,0,,,,,,,,,,,,,,,,,,,,,,,,,,,,,,,
,9/22/2025,22,0,,,,,,,,,,,,,,,,,,,,,,,,,,,,,,,
,9/23/2025,23,0,,,,,,,,,,,,,,,,,,,,,,,,,,,,,,,
,9/24/2025,24,0,,,3185471,,,2748015,,,2,96,,,350307,87149,3185471,,,,,,,,,,,,,,,,
,9/25/2025,25,0,,,,,,,,,,,,,,,,,,,,,,,,,,,,,,,
,9/26/2025,26,0,,,,,,,,,,,,,,,,,,,,,,,,,,,,,,,
,9/27/2025,27,0,,,,,,,,,,,,,,,,,,,,,,,,,,,,,,,
,9/28/2025,28,0,,,,,,,,,,,,,,,,,,,,,,,,,,,,,,,
,9/29/2025,29,0,,,,,,,,,,,,,,,,,,,,,,,,,,,,,,,
,9/30/2025,30,0,,,,,,,,,,,,,,,,,,,,,,,,,,,,,,,
Oct,10/1/2025,1,0,,,,,,,,,,,,,,,,,,,,,,,,,,,,,,,
,10/2/2025,2,11,,,,,,,,,,,,,,,,,,,,,,,,,,,,,,,
,10/3/2025,3,11,,,,,,,,,,,,,,,,,,,,,,,,,,,,,,,
,10/4/2025,4,11,,,,,,,,,,,,,,,,,,,,,,,,,,,,,,,
,10/5/2025,5,11,,,,,,,,,,,,,,,,,,,,,,,,,,,,,,,
,10/6/2025,6,11,,,,,,,,,,,,,,,,,,,,,,,,,,,,,,,
,10/7/2025,7,11,,,,,,,,,,,,,,,,,,,,,,,,,,,,,,,
,10/8/2025,8,11,,,,,,,,,,,,,,,,,,,,,,,,,,,,,,,
,10/9/2025,9,11,,,3190287,,,2748015,,Oct,1,88,56,112,354164,88108,3190287,"34,106","3,185,471","3,055,853","1,301,742","7,543,066","6,034,453",,,,,,,,,,
,10/10/2025,10,11,Oct,,,,,,,,,,,,,,,,,,,,,,,,,,,,,,
,10/11/2025,11,11,,,,,,,,,,,,,,,,,,,,,,,,,,,,,,,
,10/12/2025,12,11,,,,,,,,,,,,,,,,,,,,,,,,,,,,,,,
,10/13/2025,13,11,,,,,,,,,,,,,,,,,,,,,,,,,,,,,,,
,10/14/2025,14,11,,,,,,,,,,,,,,,,,,,,,,,,,,,,,,,
,10/15/2025,15,11,,,,,,,,,,,,,,,,,,,,,,,,,,,,,,,
,10/16/2025,16,0,,,,,,,,,,,,,,,,,,,,,,,,,,,,,,,
,10/17/2025,17,0,,,,,,,,,,,,,,,,,,,,,,,,,,,,,,,
,10/18/2025,18,0,,,,,,,,,,,,,,,,,,,,,,,,,,,,,,,
,10/19/2025,19,0,,,,,,,,,,,,,,,,,,,,,,,,,,,,,,,
,10/20/2025,20,0,,,,,,,,,,,,,,,,,,,,,,,,,,,,,,,
,10/21/2025,21,0,,,,,,,,,,,,,,,,,,,,,,,,,,,,,,,
,10/22/2025,22,0,,,,,,,,,,,,,,,,,,,,,,,,,,,,,,,
,10/23/2025,23,0,,,,,,,,,,,,,,,,,,,,,,,,,,,,,,,
,10/24/2025,24,0,,,3185471,,,2748015,,,2,66,,,350307,87149,3185471,,,,,,,,,,,,,,,,
,10/25/2025,25,0,,,,,,,,,,,,,,,,,,,,,,,,,,,,,,,
,10/26/2025,26,0,,,,,,,,,,,,,,,,,,,,,,,,,,,,,,,
,10/27/2025,27,0,,,,,,,,,,,,,,,,,,,,,,,,,,,,,,,
,10/28/2025,28,0,,,,,,,,,,,,,,,,,,,,,,,,,,,,,,,
,10/29/2025,29,0,,,,,,,,,,,,,,,,,,,,,,,,,,,,,,,
,10/30/2025,30,12,,,,,,,,,,,,,,,,,,,,,,,,,,,,,,,
,10/31/2025,31,12,,,,,,,,,,,,,,,,,,,,,,,,,,,,,,,
Nov,11/1/2025,1,12,,,,,,,,,,,,,,,,,,,,,,,,,,,,,,,
,11/2/2025,2,12,,,,,,,,,,,,,,,,,,,,,,,,,,,,,,,
,11/3/2025,3,12,,,,,,,,,,,,,,,,,,,,,,,,,,,,,,,
,11/4/2025,4,12,,,,,,,,,,,,,,,,,,,,,,,,,,,,,,,
,11/5/2025,5,12,,,,,,,,,,,,,,,,,,,,,,,,,,,,,,,
,11/6/2025,6,12,,,,,,,,,,,,,,,,,,,,,,,,,,,,,,,
,11/7/2025,7,12,,,,,,,,,,,,,,,,,,,,,,,,,,,,,,,
,11/8/2025,8,12,,,,,,,,,,,,,,,,,,,,,,,,,,,,,,,
,11/9/2025,9,12,,,3190287,,,2748015,,Nov,1,132,42,0,354164,88108,3190287,"32,335","3,185,471","2,172,934",0,"5,358,405","4,286,724",,,,,,,,,,
,11/10/2025,10,12,Nov,,,,,,,,,,,,,,,,,,,,,,,,,,,,,,
,11/11/2025,11,12,,,,,,,,,,,,,,,,,,,,,,,,,,,,,,,
,11/12/2025,12,12,,,,,,,,,,,,,,,,,,,,,,,,,,,,,,,
,11/13/2025,13,0,,,,,,,,,,,,,,,,,,,,,,,,,,,,,,,
,11/14/2025,14,0,,,,,,,,,,,,,,,,,,,,,,,,,,,,,,,
,11/15/2025,15,0,,,,,,,,,,,,,,,,,,,,,,,,,,,,,,,
,11/16/2025,16,0,,,,,,,,,,,,,,,,,,,,,,,,,,,,,,,
,11/17/2025,17,0,,,,,,,,,,,,,,,,,,,,,,,,,,,,,,,
,11/18/2025,18,0,,,,,,,,,,,,,,,,,,,,,,,,,,,,,,,
,11/19/2025,19,0,,,,,,,,,,,,,,,,,,,,,,,,,,,,,,,
,11/20/2025,20,0,,,,,,,,,,,,,,,,,,,,,,,,,,,,,,,
,11/21/2025,21,0,,,,,,,,,,,,,,,,,,,,,,,,,,,,,,,
,11/22/2025,22,0,,,,,,,,,,,,,,,,,,,,,,,,,,,,,,,
,11/23/2025,23,0,,,,,,,,,,,,,,,,,,,,,,,,,,,,,,,
,11/24/2025,24,0,,,3185471,,,2748015,,,2,36,,,350307,87149,3185471,,,,,,,,,,,,,,,,
,11/25/2025,25,0,,,,,,,,,,,,,,,,,,,,,,,,,,,,,,,
,11/26/2025,26,0,,,,,,,,,,,,,,,,,,,,,,,,,,,,,,,
,11/27/2025,27,11,,,,,,,,,,,,,,,,,,,,,,,,,,,,,,,
,11/28/2025,28,11,,,,,,,,,,,,,,,,,,,,,,,,,,,,,,,
,11/29/2025,29,11,,,,,,,,,,,,,,,,,,,,,,,,,,,,,,,
,11/30/2025,30,11,,,,,,,,,,,,,,,,,,,,,,,,,,,,,,,
Dec,12/1/2025,1,11,,,,,,,,,,,,,,,,,,,,,,,,,,,,,,,
,12/2/2025,2,11,,,,,,,,,,,,,,,,,,,,,,,,,,,,,,,
,12/3/2025,3,11,,,,,,,,,,,,,,,,,,,,,,,,,,,,,,,
,12/4/2025,4,11,,,,,,,,,,,,,,,,,,,,,,,,,,,,,,,
,12/5/2025,5,11,,,,,,,,,,,,,,,,,,,,,,,,,,,,,,,
,12/6/2025,6,11,,,,,,,,,,,,,,,,,,,,,,,,,,,,,,,
,12/7/2025,7,11,,,,,,,,,,,,,,,,,,,,,,,,,,,,,,,
,12/8/2025,8,11,,,,,,,,,,,,,,,,,,,,,,,,,,,,,,,
,12/9/2025,9,11,,,3190287,,,2748015,,Dec,1,143,56,112,354164,88108,3190287,"32,504","3,185,471","2,912,361","1,068,567","7,166,399","5,733,119",,,,,,,,,,
,12/10/2025,10,11,Dec,,,,,,,,,,,,,,,,,,,,,,,,,,,,,,
,12/11/2025,11,0,,,,,,,,,,,,,,,,,,,,,,,,,,,,,,,
,12/12/2025,12,0,,,,,,,,,,,,,,,,,,,,,,,,,,,,,,,
,12/13/2025,13,0,,,,,,,,,,,,,,,,,,,,,,,,,,,,,,,
,12/14/2025,14,0,,,,,,,,,,,,,,,,,,,,,,,,,,,,,,,
,12/15/2025,15,0,,,,,,,,,,,,,,,,,,,,,,,,,,,,,,,
,12/16/2025,16,0,,,,,,,,,,,,,,,,,,,,,,,,,,,,,,,
,12/17/2025,17,0,,,,,,,,,,,,,,,,,,,,,,,,,,,,,,,
,12/18/2025,18,0,,,,,,,,,,,,,,,,,,,,,,,,,,,,,,,
,12/19/2025,19,0,,,,,,,,,,,,,,,,,,,,,,,,,,,,,,,
,12/20/2025,20,0,,,,,,,,,,,,,,,,,,,,,,,,,,,,,,,
,12/21/2025,21,0,,,,,,,,,,,,,,,,,,,,,,,,,,,,,,,
,12/22/2025,22,0,,,,,,,,,,,,,,,,,,,,,,,,,,,,,,,
,12/23/2025,23,0,,,,,,,,,,,,,,,,,,,,,,,,,,,,,,,
,12/24/2025,24,0,,,3185471,,,2748015,,,2,11,,,350307,87149,3185471,,,,,,,,,,,,,,,,
,12/25/2025,25,12,,,,,,,,,,,,,,,,,,,,,,,,,,,,,,,
,12/26/2025,26,12,,,,,,,,,,,,,,,,,,,,,,,,,,,,,,,
,12/27/2025,27,12,,,,,,,,,,,,,,,,,,,,,,,,,,,,,,,
,12/28/2025,28,12,,,,,,,,,,,,,,,,,,,,,,,,,,,,,,,
,12/29/2025,29,12,,,,,,,,,,,,,,,,,,,,,,,,,,,,,,,
,12/30/2025,30,12,,,,,,,,,,,,,,,,,,,,,,,,,,,,,,,
,12/31/2025,31,12,,,,,,,,,,,,,,,,,,,,,,,,,,,,,,,
Jan,1/1/2026,1,12,,,,,,,,,,,,,,,,,,,,,,,,,,,,,,,
,1/2/2026,2,12,,,,,,,,,,,,,,,,,,,,,,,,,,,,,,,
,1/3/2026,3,12,,,,,,,,,,,,,,,,,,,,,,,,,,,,,,,
,1/4/2026,4,12,,,,,,,,,,,,,,,,,,,,,,,,,,,,,,,
,1/5/2026,5,12,,,,,,,,,,,,,,,,,,,,,,,,,,,,,,,
,1/6/2026,6,12,,,,,,,,,,,,,,,,,,,,,,,,,,,,,,,
,1/7/2026,7,12,,,,,,,,,,,,,,,,,,,,,,,,,,,,,,,
,1/8/2026,8,0,,,,,,,,,,,,,,,,,,,,,,,,,,,,,,,
,1/9/2026,9,0,,,3180655,,,2748015,,Jan,1,168,42,0,346450,86190,3180655,"34,095","3,185,471","2,291,181",0,"5,476,652","4,381,322",,,,,,,,,,
,1/10/2026,10,0,Jan,,,,,,,,,,,,,,,,,,,,,,,,,,,,,,
,1/11/2026,11,0,,,,,,,,,,,,,,,,,,,,,,,,,,,,,,,
,1/12/2026,12,0,,,,,,,,,,,,,,,,,,,,,,,,,,,,,,,
,1/13/2026,13,0,,,,,,,,,,,,,,,,,,,,,,,,,,,,,,,
,1/14/2026,14,0,,,,,,,,,,,,,,,,,,,,,,,,,,,,,,,
,1/15/2026,15,0,,,,,,,,,,,,,,,,,,,,,,,,,,,,,,,
,1/16/2026,16,0,,,,,,,,,,,,,,,,,,,,,,,,,,,,,,,
,1/17/2026,17,0,,,,,,,,,,,,,,,,,,,,,,,,,,,,,,,
,1/18/2026,18,0,,,,,,,,,,,,,,,,,,,,,,,,,,,,,,,
,1/19/2026,19,0,,,,,,,,,,,,,,,,,,,,,,,,,,,,,,,
,1/20/2026,20,0,,,,,,,,,,,,,,,,,,,,,,,,,,,,,,,
,1/21/2026,21,0,,,,,,,,,,,,,,,,,,,,,,,,,,,,,,,
,1/22/2026,22,11,,,,,,,,,,,,,,,,,,,,,,,,,,,,,,,
,1/23/2026,23,11,,,,,,,,,,,,,,,,,,,,,,,,,,,,,,,
,1/24/2026,24,11,,,3175839,,,2748015,,,2,33,,,342593,85231,3175839,,,,,,,,,,,,,,,,
,1/25/2026,25,11,,,,,,,,,,,,,,,,,,,,,,,,,,,,,,,
,1/26/2026,26,11,,,,,,,,,,,,,,,,,,,,,,,,,,,,,,,
,1/27/2026,27,11,,,,,,,,,,,,,,,,,,,,,,,,,,,,,,,
,1/28/2026,28,11,,,,,,,,,,,,,,,,,,,,,,,,,,,,,,,
,1/29/2026,29,11,,,,,,,,,,,,,,,,,,,,,,,,,,,,,,,
,1/30/2026,30,11,,,,,,,,,,,,,,,,,,,,,,,,,,,,,,,
,1/31/2026,31,11,,,,,,,,,,,,,,,,,,,,,,,,,,,,,,,
Feb,2/1/2026,1,11,,,,,,,,,,,,,,,,,,,,,,,,,,,,,,,
,2/2/2026,2,11,,,,,,,,,,,,,,,,,,,,,,,,,,,,,,,
,2/3/2026,3,11,,,,,,,,,,,,,,,,,,,,,,,,,,,,,,,
,2/4/2026,4,11,,,,,,,,,,,,,,,,,,,,,,,,,,,,,,,
,2/5/2026,5,0,,,,,,,,,,,,,,,,,,,,,,,,,,,,,,,
,2/6/2026,6,0,,,,,,,,,,,,,,,,,,,,,,,,,,,,,,,
,2/7/2026,7,0,,,,,,,,,,,,,,,,,,,,,,,,,,,,,,,
,2/8/2026,8,0,,,,,,,,,,,,,,,,,,,,,,,,,,,,,,,
,2/9/2026,9,0,,,3171023,,,2748015,,Feb,1,121,65,112,338736,84272,3171023,"34,384","3,175,839","3,575,962","1,342,327","8,094,127","6,475,302",,,,,,,,,,
,2/10/2026,10,0,Feb,,,,,,,,,,,,,,,,,,,,,,,,,,,,,,
,2/11/2026,11,0,,,,,,,,,,,,,,,,,,,,,,,,,,,,,,,
,2/12/2026,12,0,,,,,,,,,,,,,,,,,,,,,,,,,,,,,,,
,2/13/2026,13,0,,,,,,,,,,,,,,,,,,,,,,,,,,,,,,,
,2/14/2026,14,0,,,,,,,,,,,,,,,,,,,,,,,,,,,,,,,
,2/15/2026,15,0,,,,,,,,,,,,,,,,,,,,,,,,,,,,,,,
,2/16/2026,16,0,,,,,,,,,,,,,,,,,,,,,,,,,,,,,,,
,2/17/2026,17,0,,,,,,,,,,,,,,,,,,,,,,,,,,,,,,,
,2/18/2026,18,0,,,,,,,,,,,,,,,,,,,,,,,,,,,,,,,
,2/19/2026,19,12,,,,,,,,,,,,,,,,,,,,,,,,,,,,,,,
,2/20/2026,20,12,,,,,,,,,,,,,,,,,,,,,,,,,,,,,,,
,2/21/2026,21,12,,,,,,,,,,,,,,,,,,,,,,,,,,,,,,,
,2/22/2026,22,12,,,,,,,,,,,,,,,,,,,,,,,,,,,,,,,
,2/23/2026,23,12,,,,,,,,,,,,,,,,,,,,,,,,,,,,,,,
,2/24/2026,24,12,,,3166207,,,2748015,,,2,72,,,334879,83313,3166207,,,,,,,,,,,,,,,,
,2/25/2026,25,12,,,,,,,,,,,,,,,,,,,,,,,,,,,,,,,
,2/26/2026,26,12,,,,,,,,,,,,,,,,,,,,,,,,,,,,,,,
,2/27/2026,27,12,,,,,,,,,,,,,,,,,,,,,,,,,,,,,,,
,2/28/2026,28,12,,,,,,,,,,,,,,,,,,,,,,,,,,,,,,,
Mar,3/1/2026,1,12,,,,,,,,,,,,,,,,,,,,,,,,,,,,,,,
,3/2/2026,2,12,,,,,,,,,,,,,,,,,,,,,,,,,,,,,,,
,3/3/2026,3,12,,,,,,,,,,,,,,,,,,,,,,,,,,,,,,,
,3/4/2026,4,12,,,,,,,,,,,,,,,,,,,,,,,,,,,,,,,
,3/5/2026,5,0,,,,,,,,,,,,,,,,,,,,,,,,,,,,,,,
,3/6/2026,6,0,,,,,,,,,,,,,,,,,,,,,,,,,,,,,,,
,3/7/2026,7,0,,,,,,,,,,,,,,,,,,,,,,,,,,,,,,,
,3/8/2026,8,0,,,,,,,,,,,,,,,,,,,,,,,,,,,,,,,
,3/9/2026,9,0,,,3161391,,,2748015,,Mar,1,96,57,48,331022,82354,3161391,"37,283","3,166,207","3,400,183","756,147","7,322,537","5,858,029",,,,,,,,,,
,3/10/2026,10,0,Mar,,,,,,,,,,,,,,,,,,,,,,,,,,,,,,
,3/11/2026,11,0,,,,,,,,,,,,,,,,,,,,,,,,,,,,,,,
,3/12/2026,12,0,,,,,,,,,,,,,,,,,,,,,,,,,,,,,,,
,3/13/2026,13,0,,,,,,,,,,,,,,,,,,,,,,,,,,,,,,,
,3/14/2026,14,0,,,,,,,,,,,,,,,,,,,,,,,,,,,,,,,
,3/15/2026,15,0,,,,,,,,,,,,,,,,,,,,,,,,,,,,,,,
,3/16/2026,16,0,,,,,,,,,,,,,,,,,,,,,,,,,,,,,,,
,3/17/2026,17,0,,,,,,,,,,,,,,,,,,,,,,,,,,,,,,,
,3/18/2026,18,0,,,,,,,,,,,,,,,,,,,,,,,,,,,,,,,
,3/19/2026,19,11,,,,,,,,,,,,,,,,,,,,,,,,,,,,,,,
,3/20/2026,20,11,,,,,,,,,,,,,,,,,,,,,,,,,,,,,,,
,3/21/2026,21,11,,,,,,,,,,,,,,,,,,,,,,,,,,,,,,,
,3/22/2026,22,11,,,,,,,,,,,,,,,,,,,,,,,,,,,,,,,
,3/23/2026,23,11,,,,,,,,,,,,,,,,,,,,,,,,,,,,,,,
,3/24/2026,24,11,,,3156575,,,2748015,,,2,66,,,327165,81395,3156575,,,,,,,,,,,,,,,,
,3/25/2026,25,11,,,,,,,,,,,,,,,,,,,,,,,,,,,,,,,
,3/26/2026,26,11,,,,,,,,,,,,,,,,,,,,,,,,,,,,,,,
,3/27/2026,27,11,,,,,,,,,,,,,,,,,,,,,,,,,,,,,,,
,3/28/2026,28,11,,,,,,,,,,,,,,,,,,,,,,,,,,,,,,,
,3/29/2026,29,11,,,,,,,,,,,,,,,,,,,,,,,,,,,,,,,
,3/30/2026,30,11,,,,,,,,,,,,,,,,,,,,,,,,,,,,,,,
,3/31/2026,31,11,,,,,,,,,,,,,,,,,,,,,,,,,,,,,,,
Apr,4/1/2026,1,11,,,,,,,,,,,,,,,,,,,,,,,,,,,,,,,
,4/2/2026,2,0,,,,,,,,,,,,,,,,,,,,,,,,,,,,,,,
,4/3/2026,3,0,,,,,,,,,,,,,,,,,,,,,,,,,,,,,,,
,4/4/2026,4,0,,,,,,,,,,,,,,,,,,,,,,,,,,,,,,,
,4/5/2026,5,0,,,,,,,,,,,,,,,,,,,,,,,,,,,,,,,
,4/6/2026,6,0,,,,,,,,,,,,,,,,,,,,,,,,,,,,,,,
,4/7/2026,7,0,,,,,,,,,,,,,,,,,,,,,,,,,,,,,,,
,4/8/2026,8,0,,,,,,,,,,,,,,,,,,,,,,,,,,,,,,,
,4/9/2026,9,0,,,,,,,,,,,,,,,,,,,,,,,,,,,,,,,
,4/10/2026,10,0,Apr,,3151759,,,2748015,,Apr,1,88,50,64,323308,80436,3151759,"38,005","3,156,575","3,040,413","1,068,304","7,265,292","5,812,233",,,,,,,,,,
,4/11/2026,11,0,,,,,,,,,,,,,,,,,,,,,,,,,,,,,,,
,4/12/2026,12,0,,,,,,,,,,,,,,,,,,,,,,,,,,,,,,,
,4/13/2026,13,0,,,,,,,,,,,,,,,,,,,,,,,,,,,,,,,
,4/14/2026,14,0,,,,,,,,,,,,,,,,,,,,,,,,,,,,,,,
,4/15/2026,15,0,,,,,,,,,,,,,,,,,,,,,,,,,,,,,,,
,4/16/2026,16,12,,,,,,,,,,,,,,,,,,,,,,,,,,,,,,,
,4/17/2026,17,12,,,,,,,,,,,,,,,,,,,,,,,,,,,,,,,
,4/18/2026,18,12,,,,,,,,,,,,,,,,,,,,,,,,,,,,,,,
,4/19/2026,19,12,,,,,,,,,,,,,,,,,,,,,,,,,,,,,,,
,4/20/2026,20,12,,,,,,,,,,,,,,,,,,,,,,,,,,,,,,,
,4/21/2026,21,12,,,,,,,,,,,,,,,,,,,,,,,,,,,,,,,
,4/22/2026,22,12,,,,,,,,,,,,,,,,,,,,,,,,,,,,,,,
,4/23/2026,23,12,,,,,,,,,,,,,,,,,,,,,,,,,,,,,,,
,4/24/2026,24,12,,,,,,,,,,,,,,,,,,,,,,,,,,,,,,,
,4/25/2026,25,12,,,,,,,,,,,,,,,,,,,,,,,,,,,,,,,
,4/26/2026,26,12,,,,,,,,,,,,,,,,,,,,,,,,,,,,,,,
,4/27/2026,27,12,,,,,,,,,,,,,,,,,,,,,,,,,,,,,,,
,4/28/2026,28,12,,,,,,,,,,,,,,,,,,,,,,,,,,,,,,,
,4/29/2026,29,12,,,,,,,,,,,,,,,,,,,,,,,,,,,,,,,
,4/30/2026,30,0,,,,,,,,,,,,,,,,,,,,,,,,,,,,,,,
